sample,beta,eta,N,R,P,U,R_pred,R_resid,P_pred,P_resid,U_pred,U_resid,R_cv_pred,R_cv_resid,P_cv_pred,P_cv_resid,U_cv_pred,U_cv_resid
5,0.1,3,10,0.737106,0.133268,0.841061,0.73710572725,2.72749998809e-07,0.133646742331,-0.000378742331169,0.841126306448,-6.53064480545e-05,0.737105449306,5.50693881052e-07,0.133984559472,-0.00071655947181,0.841178372628,-0.000117372628389
6,0.1,3.5,10,0.745612,0.111335,0.814314,0.745612265718,-2.6571753331e-07,0.111278007682,5.69923181818e-05,0.814245697669,6.83023311669e-05,0.745612390306,-3.90305868292e-07,0.111327393479,7.60652116358e-06,0.814248260522,6.57394776457e-05
7,0.1,4,10,0.760449,0.09784,0.820718,0.760449369185,-3.69185065852e-07,0.0977048330325,0.000135166967532,0.82069827389,1.97261103877e-05,0.7604495872,-5.87200460811e-07,0.0978399440225,5.59775029385e-08,0.820770302617,-5.23026165632e-05
8,0.1,4.5,10,0.770568,0.088532,0.833199,0.770567637653,3.6234740175e-07,0.0884654683831,6.6531616883e-05,0.83306218511,0.000136814889609,0.770567098426,9.01573939394e-07,0.0884869611599,4.503884006e-05,0.832914041475,0.000284958525271
9,0.15,3,10,0.72882,0.14023,0.837724,0.728820234842,-2.34841837421e-07,0.140151937984,7.80620157699e-05,0.837642143264,8.185673562e-05,0.728820432345,-4.32344677948e-07,0.139925866948,0.000304133052465,0.837517506196,0.000206493804226
10,0.15,3.5,10,0.735244,0.118178,0.813224,0.735243567024,4.32976344777e-07,0.117924774192,0.000253225807978,0.813129233342,9.47666576985e-05,0.735243438822,5.61177949887e-07,0.117858651463,0.000319348537223,0.813109610666,0.000114389333613
11,0.15,4,10,0.747392,0.104589,0.818288,0.747391698491,3.01508812028e-07,0.104433978971,0.000155021028757,0.818327945563,-3.99455630807e-05,0.747391675474,3.2452583365e-07,0.104403201141,0.000185798859074,0.818345604617,-5.76046165828e-05
12,0.15,4.5,10,0.754215,0.095212,0.825843,0.754215229244,-2.29244434546e-07,0.0952178023219,-5.8023218924e-06,0.825816429927,2.65700732829e-05,0.754215285066,-2.85066072525e-07,0.0952233087036,-1.13087035806e-05,0.825802119913,4.08800866485e-05
13,0.2,3,10,0.721922,0.151123,0.827775,0.721922332434,-3.32433674144e-07,0.150918393183,0.000204606817254,0.827740899172,3.41008283846e-05,0.721922472766,-4.72765966153e-07,0.150721441735,0.000401558264727,0.827679691141,9.53088590514e-05
14,0.2,3.5,10,0.726728,0.128913,0.80723,0.726727716512,2.83488404307e-07,0.128714243884,0.000198756115955,0.80726298447,-3.29844703161e-05,0.726727607291,3.92709338493e-07,0.128913569105,-5.69105253395e-07,0.807369382725,-0.000139382724956
15,0.2,4,10,0.736652,0.115192,0.812663,0.736652134161,-1.34160946463e-07,0.115187271728,4.72827179961e-06,0.812875129055,-0.000212129054732,0.736652200718,-2.00717776955e-07,0.115308909434,-0.000116909433599,0.813028789887,-0.000365789887052
16,0.2,4.5,10,0.740646,0.105707,0.817001,0.740646185382,-1.85381725637e-07,0.105875726715,-0.000168726715213,0.817155482925,-0.000154482924862,0.740646287895,-2.8789463058e-07,0.106023389684,-0.000316389684106,0.817114290334,-0.00011329033403
17,0.3,3,10,0.730708,0.204048,0.841327,0.730707897617,1.02382652578e-07,0.203951682216,9.6317783859e-05,0.841206768259,0.000120231741186,0.730707776924,2.23075978467e-07,0.203863785772,0.00018421422825,0.841262196684,6.48033162967e-05
18,0.3,3.5,10,0.733673,0.181409,0.833822,0.733673160033,-1.60032931351e-07,0.181437892814,-2.88928135436e-05,0.83380073309,2.12669100182e-05,0.733673332731,-3.32731081465e-07,0.181411290928,-2.29092782592e-06,0.833760477656,6.15223444653e-05
19,0.3,4,10,0.740546,0.167308,0.845122,0.740545924591,7.54086270094e-08,0.167482897697,-0.000174897696661,0.845241631493,-0.000119631492579,0.740545862511,1.37488751051e-07,0.167638007834,-0.000330007834127,0.845324749019,-0.000202749019095
20,0.3,4.5,10,0.740277,0.157493,0.848153,0.740276791293,2.08707328087e-07,0.157624946865,-0.000131946865492,0.848107613467,4.53865333946e-05,0.740276383406,6.16593896607e-07,0.157492341061,6.58938761999e-07,0.847919616588,0.000233383411529
21,0.1,3,8,0.744674,0.134385,0.846513,0.744674356364,-3.56363637377e-07,0.135236436903,-0.000851436902597,0.846843948844,-0.000330948844158,0.744674494327,-4.94327365486e-07,0.13557103408,-0.00118603408031,0.846977327521,-0.000464327520747
22,0.1,3.5,8,0.749478,0.112166,0.820017,0.749477817403,1.82597401976e-07,0.112446239682,-0.000280239681818,0.820150126779,-0.000133126779222,0.749477755595,2.44404805727e-07,0.11216539137,6.08629999566e-07,0.820060066562,-4.30665619655e-05
23,0.1,4,8,0.759068,0.098327,0.825363,0.759067580942,4.19058440726e-07,0.098394639961,-6.76399610391e-05,0.825502239714,-0.000139239714287,0.759067459259,5.4074082223e-07,0.0984226913732,-9.5691373228e-05,0.825562170649,-0.000199170648609
24,0.1,4.5,8,0.762394,0.088619,0.835475,0.762394246981,-2.46980520258e-07,0.0886198877403,-8.87740259831e-07,0.835478437649,-3.43764935229e-06,0.762394359728,-3.59728471899e-07,0.0886477899395,-2.87899394741e-05,0.835485915118,-1.09151179681e-05
25,0.15,3,8,0.736992,0.140345,0.839251,0.736992062282,-6.22820042206e-08,0.140649503362,-0.000304503361781,0.839378730293,-0.000127730293137,0.736992055389,-5.53891809085e-08,0.140645136008,-0.000300136007558,0.839357757209,-0.000106757209192
26,0.15,3.5,8,0.740511,0.118049,0.815284,0.740511359035,-3.59035250641e-07,0.118043409284,5.59071614097e-06,0.815334395085,-5.03950853439e-05,0.740511433568,-4.33568142388e-07,0.118033900674,1.50993257793e-05,0.815346252062,-6.2252062437e-05
27,0.15,4,8,0.748211,0.104159,0.819572,0.748211192574,-1.92574211799e-07,0.104116721277,4.22787226345e-05,0.81971443202,-0.000142432020409,0.74821118968,-1.89679819296e-07,0.104164534477,-5.53447697922e-06,0.819760512952,-0.000188512952251
28,0.15,4.5,8,0.749042,0.094424,0.825041,0.749042162899,-1.62898887157e-07,0.0944076893423,1.63106576994e-05,0.825096991098,-5.59910983313e-05,0.749042228738,-2.28738291752e-07,0.0944242176911,-2.17691056056e-07,0.825121332215,-8.03322146761e-05
29,0.2,3,8,0.730059,0.148882,0.826101,0.730058619564,3.80435992153e-07,0.148970316866,-8.83168664193e-05,0.826237824015,-0.000136824014843,0.730058465415,5.34584638445e-07,0.148882258666,-2.58665901504e-07,0.826248968782,-0.000147968781536
30,0.2,3.5,8,0.732759,0.126471,0.806372,0.732759010213,-1.02133580482e-08,0.126429769568,4.1230432282e-05,0.806510272028,-0.00013827202783,0.732759018716,-1.87162751963e-08,0.126453795852,1.72041480014e-05,0.806587773692,-0.000215773691809
31,0.2,4,8,0.739034,0.112492,0.813132,0.739034171934,-1.71934137372e-07,0.112509436912,-1.74369118738e-05,0.811585529327,0.00154647067347,0.739034214095,-2.14094660556e-07,0.11257523459,-8.32345902817e-05,0.811341655866,0.00179034413449
32,0.2,4.5,8,0.737835,0.102692,0.813846,0.737834704726,2.95273654749e-07,0.102747568899,-5.55688988868e-05,0.814041745911,-0.000195745910947,0.737834561537,4.38463298558e-07,0.102734315608,-4.23156079294e-05,0.814102574681,-0.000256574680905
33,0.3,3,8,0.736857,0.193035,0.835427,0.736856888219,1.11781075729e-07,0.193051785012,-1.67850120593e-05,0.835448548276,-2.15482764384e-05,0.736856904642,9.53583337848e-08,0.193048865421,-1.38654212738e-05,0.83545516001,-2.81600097956e-05
34,0.3,3.5,8,0.739315,0.17028,0.829302,0.739315241206,-2.4120593678e-07,0.170286662181,-6.66218089046e-06,0.829356451822,-5.44518218925e-05,0.739315233276,-2.33276094441e-07,0.170361668399,-8.16683991658e-05,0.8294051763,-0.000103176300099
35,0.3,4,8,0.744137,0.156006,0.840673,0.744136833836,1.66164193183e-07,0.156023371135,-1.7371135436e-05,0.840824038939,-0.000151038938776,0.744136844793,1.55207037666e-07,0.15600570976,2.90239706852e-07,0.840859166668,-0.000186166667861
36,0.3,4.5,8,0.740272,0.14596,0.842466,0.740272266109,-2.6610853443e-07,0.145800161876,0.000159838124304,0.842429459627,3.6540372912e-05,0.740272444622,-4.44621511275e-07,0.145545263742,0.000414736257858,0.842347148687,0.00011885131336
37,0.1,3,6,0.745485,0.134606,0.835389,0.745484829227,1.70772726404e-07,0.13141430826,0.00319169174026,0.834256984097,0.0011320159026,0.745484696839,3.03160921922e-07,0.130405524806,0.00420047519398,0.833887628997,0.00150137100334
38,0.1,3.5,6,0.749192,0.108099,0.806989,0.749191902123,9.78766228066e-08,0.108491909182,-0.000392909181818,0.807119641604,-0.000130641603897,0.74919181064,1.89360203962e-07,0.108692790185,-0.000593790185479,0.807213803763,-0.000224803762655
39,0.1,4,6,0.756141,0.094116,0.81062,0.756141015019,-1.50194813253e-08,0.0942511451039,-0.000135145103896,0.81074098411,-0.000120984110391,0.756141100941,-1.00940647174e-07,0.0942634496401,-0.000147449640113,0.810673055835,-5.30558346317e-05
40,0.1,4.5,6,0.755283,0.084207,0.817709,0.755282767916,2.32084414686e-07,0.084230266026,-2.32660259742e-05,0.817699161617,9.8383831153e-06,0.755282757775,2.42225339786e-07,0.0842284750084,-2.14750083699e-05,0.817694001206,1.49987944438e-05
41,0.15,3,6,0.73867,0.134509,0.823504,0.738669805921,1.94078849436e-07,0.134940671035,-0.00043167103525,0.823632422424,-0.000128422423934,0.738669821128,1.78872495926e-07,0.135014463492,-0.000505463491933,0.823650973655,-0.000146973655424
42,0.15,3.5,6,0.741892,0.112168,0.799415,0.741891756532,2.43468460059e-07,0.112244907386,-7.69073858998e-05,0.799426354788,-1.13547875701e-05,0.741891773731,2.26269093795e-07,0.112302410017,-0.000134410017373,0.799438087474,-2.30874741891e-05
43,0.15,4,6,0.74775,0.098177,0.802271,0.747749981428,1.85723559865e-08,0.098171587308,5.41269202223e-06,0.802357409294,-8.64092940639e-05,0.747750031967,-3.1966671421e-08,0.098176515561,4.84438992476e-07,0.802378358377,-0.000107358376652
44,0.15,4.5,6,0.745195,0.088283,0.804999,0.745195080609,-8.06094623274e-08,0.0882589608015,2.40391985157e-05,0.805003735943,-4.73594341477e-06,0.745195144762,-1.44762108301e-07,0.0881824535664,0.000100546433628,0.804962998354,3.60016461194e-05
45,0.2,3,6,0.731965,0.139836,0.807956,0.731964895342,1.04657699174e-07,0.140021268356,-0.000185268356215,0.808073566205,-0.00011756620501,0.731964830013,1.69986857257e-07,0.140132668021,-0.000296668020775,0.80813777699,-0.000181776989758
46,0.2,3.5,6,0.735167,0.117423,0.788387,0.735166981849,1.81512060937e-08,0.117433583772,-1.05837717996e-05,0.788466069789,-7.90697894252e-05,0.735167058002,-5.80022874175e-08,0.11744786921,-2.48692103788e-05,0.788396509986,-9.50998604599e-06
47,0.2,4,6,0.7404,0.103384,0.792178,0.740399576927,4.23073283851e-07,0.10340915133,-2.51513302412e-05,0.79237413266,-0.000196132659555,0.740399504509,4.95490775076e-07,0.103404364797,-2.03647965193e-05,0.792423225209,-0.000245225209051
48,0.2,4.5,6,0.736613,0.093468,0.792252,0.736613280576,-2.80576067047e-07,0.0934862210315,-1.82210315399e-05,0.792375904815,-0.0001239048154,0.736613370348,-3.70348306467e-07,0.0934548278761,1.31721239158e-05,0.792400891732,-0.000148891732094
49,0.3,3,6,0.737304,0.173508,0.814661,0.737304012366,-1.2366419555e-08,0.173561766635,-5.37666345083e-05,0.814672570131,-1.15701307983e-05,0.737303994284,5.71577440933e-09,0.173594344846,-8.63448458658e-05,0.814686791385,-2.5791384878e-05
50,0.3,3.5,6,0.741862,0.150836,0.809261,0.741862145211,-1.45210574898e-07,0.150834571089,1.42891094629e-06,0.809264105248,-3.10524768088e-06,0.741862166975,-1.66975492655e-07,0.150835507694,4.92306087063e-07,0.809286453744,-2.54537441675e-05
51,0.3,4,6,0.747239,0.136587,0.820046,0.747239255198,-2.55197587951e-07,0.136552244829,3.47551706865e-05,0.820128073936,-8.20739359927e-05,0.747239313245,-3.13245412609e-07,0.136483171329,0.000103828671104,0.820105861625,-5.98616245695e-05
52,0.3,4.5,6,0.742386,0.126511,0.819944,0.742385942327,5.76725415202e-08,0.126253037855,0.000257962144712,0.819842626196,0.000101373804266,0.742385909349,9.06508550447e-08,0.126174495801,0.000336504198896,0.819823629375,0.000120370624791
53,0.1,3,4,0.744741,0.126402,0.824981,0.744740989591,1.04090899233e-08,0.127253481403,-0.000851481402598,0.825269537208,-0.000288537207794,0.744740931555,6.84453376198e-08,0.127718235578,-0.00131623557769,0.825438550101,-0.000457550101461
54,0.1,3.5,4,0.749958,0.104207,0.797021,0.74995836363,-3.6362987077e-07,0.104488141182,-0.000281141181818,0.797058367143,-3.73671428587e-05,0.74995839113,-3.91130384636e-07,0.104594823164,-0.000387823164132,0.797159002807,-0.000138002806876
55,0.1,4,4,0.756873,0.09028,0.798282,0.756873515169,-5.15168832149e-07,0.090347473461,-6.74734610391e-05,0.798318632078,-3.66320779239e-05,0.756873597126,-5.97126408874e-07,0.0903381788181,-5.8178818051e-05,0.79832222578,-4.02257795084e-05
56,0.1,4.5,4,0.754437,0.080369,0.80169,0.754437044208,-4.4207793426e-08,0.0803697282403,-7.28240259873e-07,0.801628482013,6.15179870109e-05,0.754436998245,1.7552997944e-09,0.0802880641121,8.09358879252e-05,0.80158938389,0.000100616110191
57,0.15,3,4,0.739057,0.127794,0.812275,0.739057309509,-3.09509276875e-07,0.128098566005,-0.000304566004638,0.812307344657,-3.23446567727e-05,0.739057331636,-3.31636160755e-07,0.128228945222,-0.000434945221537,0.812325590109,-5.05901092107e-05
58,0.15,3.5,4,0.744589,0.105608,0.787408,0.744588603263,3.9673747676e-07,0.105602393498,5.60650185526e-06,0.787309237449,9.87625510198e-05,0.74458856075,4.39250441686e-07,0.105607824562,1.75438264083e-07,0.787275141409,0.00013285859138
59,0.15,4,4,0.751212,0.091714,0.788176,0.751211908801,9.11985152952e-08,0.0916717020631,4.22979369202e-05,0.788161002384,1.49976159544e-05,0.751211923879,7.61211910172e-08,0.0916421568175,7.18431825378e-05,0.788135718152,4.02818477301e-05
60,0.15,4.5,4,0.747878,0.081861,0.787505,0.747877826126,1.73873839882e-07,0.0818447416994,1.62583005565e-05,0.787440789462,6.42105380322e-05,0.747877755496,2.44503562286e-07,0.0817729891163,8.80108836853e-05,0.787473723448,3.1276551805e-05
61,0.2,3,4,0.732845,0.129056,0.79513,0.732845003519,-3.51855311553e-09,0.129144372652,-8.83726521336e-05,0.795152250742,-2.22507421158e-05,0.732845068265,-6.82648427786e-08,0.129177845255,-0.000121845255003,0.795174026472,-4.40264721919e-05
62,0.2,3.5,4,0.739155,0.10684,0.775066,0.739155475168,-4.75167903247e-07,0.106798811496,4.11885037106e-05,0.775034502755,3.14972448976e-05,0.739155545835,-5.45835063481e-07,0.106769938815,7.00611847699e-05,0.775027563719,3.84362806237e-05
63,0.2,4,4,0.745952,0.092942,0.777051,0.745952192889,-1.92888682804e-07,0.0929595399833,-1.75399833024e-05,0.777145064054,-9.4064053804e-05,0.745952237436,-2.3743553168e-07,0.0929046592527,3.7340747281e-05,0.777162301879,-0.000111301878576
64,0.2,4.5,4,0.742186,0.083109,0.77401,0.742185756681,2.43319109194e-07,0.0831648081132,-5.58081131725e-05,0.774062084638,-5.20846382198e-05,0.742185718633,2.81366712707e-07,0.083108911616,8.83840016036e-08,0.774051921793,-4.19217925549e-05
65,0.3,3,4,0.737253,0.150539,0.800818,0.73725311381,-1.13809833113e-07,0.150554752083,-1.57520834879e-05,0.800782958822,3.50411781069e-05,0.737253201607,-2.01607193162e-07,0.150538146438,8.53561672925e-07,0.80073479669,8.32033099387e-05
66,0.3,3.5,4,0.746518,0.128148,0.795487,0.746517715797,2.84203154455e-07,0.128154744538,-6.74453803332e-06,0.795427818367,5.91816326531e-05,0.746517667699,3.32301082873e-07,0.12813324043,1.47595697826e-05,0.795379667372,0.000107332627793
67,0.3,4,4,0.755057,0.114125,0.805031,0.755057032427,-3.2426715979e-08,0.114142643778,-1.76437782931e-05,0.805057861484,-2.68614842304e-05,0.755057004398,-4.3983862108e-09,0.114132303327,-7.30332733236e-06,0.805034050665,-3.05066463213e-06
68,0.3,4.5,4,0.751822,0.104217,0.802378,0.751821663699,3.36300556403e-07,0.104056699804,0.000160300195733,0.802251238173,0.000126761827458,0.751821534284,4.65715746412e-07,0.10398938586,0.000227614140165,0.802201934353,0.000176065647253
69,0.1,3,2,0.747647,0.127449,0.841578,0.747646681205,3.18795453369e-07,0.127827081331,-0.000378081331169,0.841785733175,-0.000207733175327,0.747646478945,5.21054984826e-07,0.128178462222,-0.000729462222136,0.841838929811,-0.000260929811263
70,0.1,3.5,2,0.756981,0.105565,0.811902,0.756981045672,-4.56720787856e-08,0.105508060682,5.69393181817e-05,0.811870428396,3.15716038942e-05,0.756981157039,-1.57038942294e-07,0.105436508946,0.000128491054025,0.811854153472,4.7846528316e-05
71,0.1,4,2,0.766469,0.091892,0.810136,0.76646892514,7.48603883327e-08,0.0917567500325,0.000135249967532,0.810139308617,-3.30861688536e-06,0.766468848937,1.51063494158e-07,0.0915667995557,0.000325200444298,0.810096974289,3.90257105215e-05
72,0.1,4.5,2,0.765061,0.082178,0.809208,0.765060919607,8.03928554838e-08,0.0821113993831,6.66006168829e-05,0.809170523838,3.74761623354e-05,0.765060757963,2.4203695026e-07,0.0821780036267,-3.62666832676e-09,0.809203252061,4.7479391172e-06
73,0.15,3,2,0.743358,0.125274,0.827353,0.743358416796,-4.16796382852e-07,0.12519631327,7.76867300555e-05,0.827307621992,4.53780083475e-05,0.74335866674,-6.66740451516e-07,0.125274556269,-5.56269470847e-07,0.827345000183,7.99981674882e-06
74,0.15,3.5,2,0.753806,0.103442,0.801053,0.753805742978,2.57021799177e-07,0.103188992621,0.000253007379406,0.80088716807,0.000165831930426,0.753805678553,3.21446711693e-07,0.103009310398,0.000432689601637,0.800750708636,0.000302291364394
75,0.15,4,2,0.763801,0.089845,0.799077,0.763800818446,1.8155426651e-07,0.0896901905427,0.000154809457328,0.79902933629,4.7663709646e-05,0.763800751559,2.48440969353e-07,0.0896354889655,0.000209511034461,0.799002027506,7.49724939099e-05
76,0.15,4.5,2,0.762294,0.080232,0.794352,0.762294243199,-2.43198980621e-07,0.0802381570362,-6.15703617819e-06,0.794312276654,3.97233460093e-05,0.762294333516,-3.33516177897e-07,0.0802756448697,-4.36448697354e-05,0.79429628879,5.57112097038e-05
77,0.2,3,2,0.737903,0.121617,0.809415,0.737902787843,2.12157235113e-07,0.121412754754,0.000204245245826,0.809378002626,3.69973738393e-05,0.737902677516,3.22483918125e-07,0.121306786899,0.000310213100844,0.809352405444,6.25945557975e-05
78,0.2,3.5,2,0.749928,0.099798,0.7882,0.749928333921,-3.33920686546e-07,0.0995985777412,0.000199422258813,0.788119695925,8.03040751385e-05,0.749928427749,-4.27748876652e-07,0.099490788358,0.000307211642049,0.7880923081,0.000107691899522
79,0.2,4,2,0.760896,0.086239,0.787723,0.76089586357,1.36429962661e-07,0.0862337278711,5.27212894248e-06,0.787802448509,-7.94485092774e-05,0.760895815803,1.84197291531e-07,0.0862385105623,4.89437692638e-07,0.787834732603,-0.000111732602742
80,0.2,4.5,2,0.759756,0.076688,0.78091,0.759755976791,2.32091829089e-08,0.0768564551438,-0.000168455143785,0.781004410379,-9.44103794075e-05,0.759755900132,9.98683560294e-08,0.0770288639328,-0.000340863932847,0.781102943577,-0.0001929435774
81,0.3,3,2,0.741908,0.1292,0.815689,0.741908036299,-3.62991655622e-08,0.129103866359,9.61336410018e-05,0.81568383935,5.16065027745e-06,0.741908286969,-2.86968772967e-07,0.128916449027,0.0002835509729,0.815738175214,-4.91752141484e-05
82,0.3,3.5,2,0.758486,0.107291,0.809771,0.758485796715,2.03285250411e-07,0.107320307528,-2.93075278293e-05,0.809751716181,1.92838191093e-05,0.758485774776,2.25224176864e-07,0.107359457938,-6.84579378219e-05,0.809795473741,-2.44737409105e-05
83,0.3,4,2,0.772794,0.093693,0.817419,0.772794009273,-9.27319110389e-09,0.0938676929824,-0.000174692982375,0.817517526583,-9.85265834884e-05,0.772793982582,1.74183135693e-08,0.0939603373008,-0.000267337300758,0.817556923691,-0.000137923690733
84,0.3,4.5,2,0.773783,0.084152,0.811558,0.773783273974,-2.73974490428e-07,0.0842842727226,-0.000132272722635,0.811559420558,-1.42055751473e-06,0.773783540522,-5.40521891024e-07,0.0844367805355,-0.000284780535456,0.811521109612,3.68903877176e-05
